ITEM_NAME,TYPE
ACACIA_BOAT,WOOD_MATERIAL
ACACIA_BUTTON,REDSTONE
ACACIA_CHEST_BOAT,WOOD_MATERIAL
ACACIA_DOOR,WOOD_MATERIAL
ACACIA_FENCE,WOOD_MATERIAL
ACACIA_FENCE_GATE,WOOD_MATERIAL
ACACIA_HANGING_SIGN,WOOD_MATERIAL
ACACIA_LEAVES,PLANT
ACACIA_LOG,RAW_WOOD
ACACIA_PLANKS,WOOD_MATERIAL
ACACIA_PRESSURE_PLATE,REDSTONE
ACACIA_SAPLING,SAPLING
ACACIA_SIGN,WOOD_MATERIAL
ACACIA_SLAB,WOOD_MATERIAL
ACACIA_STAIRS,WOOD_MATERIAL
ACACIA_TRAPDOOR,WOOD_MATERIAL
ACACIA_WALL_HANGING_SIGN,WOOD_MATERIAL
ACACIA_WALL_SIGN,WOOD_MATERIAL
ACACIA_WOOD,RAW_WOOD
ACTIVATOR_RAIL,REDSTONE
AIR,NONE
ALLAY_SPAWN_EGG,SPAWN_EGG
ALLIUM,PLANT
AMETHYST_BLOCK,GEM
AMETHYST_CLUSTER,GEM
AMETHYST_SHARD,GEM
ANCIENT_DEBRIS,ORE
ANDESITE,DECORATIVE_BLOCK
ANDESITE_SLAB,DECORATIVE_BLOCK
ANDESITE_STAIRS,DECORATIVE_BLOCK
ANDESITE_WALL,DECORATIVE_BLOCK
ANGLER_POTTERY_SHERD,DECORATION
ANVIL,UTILITY
APPLE,FOOD
ARCHER_POTTERY_SHERD,DECORATION
ARMOR_STAND,ARMOR
ARMS_UP_POTTERY_SHERD,DECORATION
ARROW,ARROW
ATTACHED_MELON_STEM,NONE
ATTACHED_PUMPKIN_STEM,NONE
AXOLOTL_BUCKET,BUCKET_MOB
AXOLOTL_SPAWN_EGG,SPAWN_EGG
AZALEA,PLANT
AZALEA_LEAVES,PLANT
AZURE_BLUET,PLANT
BAKED_POTATO,COOKED_FOOD
BAMBOO,RAW_WOOD
BAMBOO_BLOCK,WOOD_MATERIAL
BAMBOO_BUTTON,REDSTONE
BAMBOO_CHEST_RAFT,WOOD_MATERIAL
BAMBOO_DOOR,WOOD_MATERIAL
BAMBOO_FENCE,WOOD_MATERIAL
BAMBOO_FENCE_GATE,WOOD_MATERIAL
BAMBOO_HANGING_SIGN,WOOD_MATERIAL
BAMBOO_MOSAIC,WOOD_MATERIAL
BAMBOO_MOSAIC_SLAB,WOOD_MATERIAL
BAMBOO_MOSAIC_STAIRS,WOOD_MATERIAL
BAMBOO_PLANKS,WOOD_MATERIAL
BAMBOO_PRESSURE_PLATE,REDSTONE
BAMBOO_RAFT,WOOD_MATERIAL
BAMBOO_SAPLING,SAPLING
BAMBOO_SIGN,WOOD_MATERIAL
BAMBOO_SLAB,WOOD_MATERIAL
BAMBOO_STAIRS,WOOD_MATERIAL
BAMBOO_TRAPDOOR,WOOD_MATERIAL
BAMBOO_WALL_HANGING_SIGN,WOOD_MATERIAL
BAMBOO_WALL_SIGN,WOOD_MATERIAL
BARREL,STORAGE
BARRIER,NONE
BASALT,DECORATIVE_BLOCK
BAT_SPAWN_EGG,SPAWN_EGG
BEACON,UTILITY
BEDROCK,NONE
BEE_NEST,MOB_BLOCK
BEE_SPAWN_EGG,SPAWN_EGG
BEEF,RAW_FOOD
BEEHIVE,UTILITY
BEETROOT,FOOD
BEETROOT_SEEDS,PLANT
BEETROOT_SOUP,FOOD
BEETROOTS,PLANT
BELL,UTILITY
BIG_DRIPLEAF,PLANT
BIG_DRIPLEAF_STEM,PLANT
BIRCH_BOAT,WOOD_MATERIAL
BIRCH_BUTTON,REDSTONE
BIRCH_CHEST_BOAT,WOOD_MATERIAL
BIRCH_DOOR,WOOD_MATERIAL
BIRCH_FENCE,WOOD_MATERIAL
BIRCH_FENCE_GATE,WOOD_MATERIAL
BIRCH_HANGING_SIGN,WOOD_MATERIAL
BIRCH_LEAVES,WOOD_MATERIAL
BIRCH_LOG,RAW_WOOD
BIRCH_PLANKS,WOOD_MATERIAL
BIRCH_PRESSURE_PLATE,REDSTONE
BIRCH_SAPLING,SAPLING
BIRCH_SIGN,WOOD_MATERIAL
BIRCH_SLAB,WOOD_MATERIAL
BIRCH_STAIRS,WOOD_MATERIAL
BIRCH_TRAPDOOR,WOOD_MATERIAL
BIRCH_WALL_HANGING_SIGN,WOOD_MATERIAL
BIRCH_WALL_SIGN,WOOD_MATERIAL
BIRCH_WOOD,WOOD_MATERIAL
BLACK_BANNER,DECORATION
BLACK_BED,BED
BLACK_CANDLE,DECORATION
BLACK_CANDLE_CAKE,FOOD
BLACK_CARPET,WOOL
BLACK_CONCRETE,DECORATIVE_BLOCK
BLACK_CONCRETE_POWDER,DECORATION
BLACK_DYE,DYE
BLACK_GLAZED_TERRACOTTA,DECORATIVE_BLOCK
BLACK_SHULKER_BOX,STORAGE
BLACK_STAINED_GLASS,GLASS
BLACK_STAINED_GLASS_PANE,GLASS
BLACK_TERRACOTTA,DECORATIVE_BLOCK
BLACK_WALL_BANNER,DECORATION
BLACK_WOOL,WOOL
BLACKSTONE,DECORATIVE_BLOCK
BLACKSTONE_SLAB,DECORATIVE_BLOCK
BLACKSTONE_STAIRS,DECORATIVE_BLOCK
BLACKSTONE_WALL,DECORATIVE_BLOCK
BLADE_POTTERY_SHERD,DECORATION
BLAST_FURNACE,UTILITY
BLAZE_POWDER,MOB_DROP
BLAZE_ROD,MOB_DROP
BLAZE_SPAWN_EGG,SPAWN_EGG
BLUE_BANNER,DECORATION
BLUE_BED,BED
BLUE_CANDLE,DECORATION
BLUE_CANDLE_CAKE,FOOD
BLUE_CARPET,WOOL
BLUE_CONCRETE,DECORATIVE_BLOCK
BLUE_CONCRETE_POWDER,DECORATION
BLUE_DYE,DYE
BLUE_GLAZED_TERRACOTTA,DECORATIVE_BLOCK
BLUE_ICE,ICE
BLUE_ORCHID,PLANT
BLUE_SHULKER_BOX,STORAGE
BLUE_STAINED_GLASS,GLASS
BLUE_STAINED_GLASS_PANE,GLASS
BLUE_TERRACOTTA,DECORATIVE_BLOCK
BLUE_WALL_BANNER,DECORATION
BLUE_WOOL,WOOL
BOGGED_SPAWN_EGG,SPAWN_EGG
BOLT_ARMOR_TRIM_SMITHING_TEMPLATE,SMITHING
BONE,MOB_DROP
BONE_BLOCK,MOB_DROP
BONE_MEAL,PLANT
BOOK,BOOK
BOOKSHELF,UTILITY
BOW,WEAPON
BOWL,FOOD
BRAIN_CORAL,CORAL
BRAIN_CORAL_BLOCK,CORAL
BRAIN_CORAL_FAN,CORAL
BRAIN_CORAL_WALL_FAN,CORAL
BREAD,FOOD
BREEZE_ROD,MOB_DROP
BREEZE_SPAWN_EGG,SPAWN_EGG
BREWER_POTTERY_SHERD,DECORATION
BREWING_STAND,UTILITY
BRICK,DECORATIVE_BLOCK
BRICK_SLAB,DECORATIVE_BLOCK
BRICK_STAIRS,DECORATIVE_BLOCK
BRICK_WALL,DECORATIVE_BLOCK
BRICKS,DECORATIVE_BLOCK
BROWN_BANNER,DECORATION
BROWN_BED,BED
BROWN_CANDLE,DECORATION
BROWN_CANDLE_CAKE,FOOD
BROWN_CARPET,WOOL
BROWN_CONCRETE,DECORATIVE_BLOCK
BROWN_CONCRETE_POWDER,DECORATION
BROWN_DYE,DYE
BROWN_GLAZED_TERRACOTTA,DECORATIVE_BLOCK
BROWN_MUSHROOM,PLANT
BROWN_MUSHROOM_BLOCK,PLANT
BROWN_SHULKER_BOX,STORAGE
BROWN_STAINED_GLASS,GLASS
BROWN_STAINED_GLASS_PANE,GLASS
BROWN_TERRACOTTA,DECORATIVE_BLOCK
BROWN_WALL_BANNER,DECORATION
BROWN_WOOL,WOOL
BRUSH,TOOL
BUBBLE_COLUMN,UTILITY
BUBBLE_CORAL,CORAL
BUBBLE_CORAL_BLOCK,CORAL
BUBBLE_CORAL_FAN,CORAL
BUBBLE_CORAL_WALL_FAN,CORAL
BUCKET,UTILITY
BUDDING_AMETHYST,DECORATION
BUNDLE,PLANT
BURN_POTTERY_SHERD,DECORATION
CACTUS,PLANT
CAKE,FOOD
CALCITE,DECORATIVE_BLOCK
CALIBRATED_SCULK_SENSOR,UTILITY
CAMEL_SPAWN_EGG,SPAWN_EGG
CAMPFIRE,UTILITY
CANDLE,DECORATION
CANDLE_CAKE,FOOD
CARROT,FOOD
CARROT_ON_A_STICK,UTILITY
CARROTS,FOOD
CARTOGRAPHY_TABLE,UTILITY
CARVED_PUMPKIN,PLANT
CAT_SPAWN_EGG,SPAWN_EGG
CAULDRON,UTILITY
CAVE_AIR,NONE
CAVE_SPIDER_SPAWN_EGG,SPAWN_EGG
CAVE_VINES,PLANT
CAVE_VINES_PLANT,PLANT
CHAIN,DECORATIVE_BLOCK
CHAIN_COMMAND_BLOCK,UTILITY
CHAINMAIL_BOOTS,ARMOR
CHAINMAIL_CHESTPLATE,ARMOR
CHAINMAIL_HELMET,ARMOR
CHAINMAIL_LEGGINGS,ARMOR
CHARCOAL,FUEL
CHERRY_BOAT,WOOD_MATERIAL
CHERRY_BUTTON,REDSTONE
CHERRY_CHEST_BOAT,WOOD_MATERIAL
CHERRY_DOOR,WOOD_MATERIAL
CHERRY_FENCE,WOOD_MATERIAL
CHERRY_FENCE_GATE,WOOD_MATERIAL
CHERRY_HANGING_SIGN,WOOD_MATERIAL
CHERRY_LEAVES,WOOD_MATERIAL
CHERRY_LOG,RAW_WOOD
CHERRY_PLANKS,WOOD_MATERIAL
CHERRY_PRESSURE_PLATE,REDSTONE
CHERRY_SAPLING,SAPLING
CHERRY_SIGN,WOOD_MATERIAL
CHERRY_SLAB,WOOD_MATERIAL
CHERRY_STAIRS,WOOD_MATERIAL
CHERRY_TRAPDOOR,WOOD_MATERIAL
CHERRY_WALL_HANGING_SIGN,WOOD_MATERIAL
CHERRY_WALL_SIGN,WOOD_MATERIAL
CHERRY_WOOD,WOOD_MATERIAL
CHEST,STORAGE
CHEST_MINECART,STORAGE
CHICKEN,RAW_FOOD
CHICKEN_SPAWN_EGG,SPAWN_EGG
CHIPPED_ANVIL,UTILITY
CHISELED_BOOKSHELF,DECORATION
CHISELED_COPPER,DECORATION
CHISELED_DEEPSLATE,DECORATION
CHISELED_NETHER_BRICKS,DECORATION
CHISELED_POLISHED_BLACKSTONE,DECORATION
CHISELED_QUARTZ_BLOCK,DECORATION
CHISELED_RED_SANDSTONE,DECORATION
CHISELED_SANDSTONE,DECORATION
CHISELED_STONE_BRICKS,DECORATION
CHISELED_TUFF,DECORATION
CHISELED_TUFF_BRICKS,DECORATION
CHORUS_FLOWER,PLANT
CHORUS_FRUIT,PLANT
CHORUS_PLANT,PLANT
CLAY,CLAY
CLAY_BALL,CLAY
CLOCK,UTILITY
COAL,FUEL
COAL_BLOCK,FUEL
COAL_ORE,ORE
COARSE_DIRT,DIRT
COAST_ARMOR_TRIM_SMITHING_TEMPLATE,SMITHING
COBBLED_DEEPSLATE,COBBLESTONE
COBBLED_DEEPSLATE_SLAB,DECORATIVE_BLOCK
COBBLED_DEEPSLATE_STAIRS,DECORATIVE_BLOCK
COBBLED_DEEPSLATE_WALL,DECORATIVE_BLOCK
COBBLESTONE,COBBLESTONE
COBBLESTONE_SLAB,DECORATIVE_BLOCK
COBBLESTONE_STAIRS,DECORATIVE_BLOCK
COBBLESTONE_WALL,DECORATIVE_BLOCK
COBWEB,MOB_DROP
COCOA,PLANT
COCOA_BEANS,SEED
COD,RAW_FOOD
COD_BUCKET,BUCKET_MOB
COD_SPAWN_EGG,SPAWN_EGG
COMMAND_BLOCK,UTILITY
COMMAND_BLOCK_MINECART,UTILITY
COMPARATOR,REDSTONE
COMPASS,UTILITY
COMPOSTER,UTILITY
CONDUIT,UTILITY
COOKED_BEEF,COOKED_FOOD
COOKED_CHICKEN,COOKED_FOOD
COOKED_COD,COOKED_FOOD
COOKED_MUTTON,COOKED_FOOD
COOKED_PORKCHOP,COOKED_FOOD
COOKED_RABBIT,COOKED_FOOD
COOKED_SALMON,COOKED_FOOD
COOKIE,FOOD
COPPER_BLOCK,METAL
COPPER_BULB,METAL
COPPER_DOOR,METAL
COPPER_GRATE,METAL
COPPER_INGOT,INGOT
COPPER_ORE,METAL
COPPER_TRAPDOOR,METAL
CORNFLOWER,PLANT
COW_SPAWN_EGG,SPAWN_EGG
CRACKED_DEEPSLATE_BRICKS,DECORATIVE_BLOCK
CRACKED_DEEPSLATE_TILES,DECORATIVE_BLOCK
CRACKED_NETHER_BRICKS,DECORATIVE_BLOCK
CRACKED_POLISHED_BLACKSTONE_BRICKS,DECORATIVE_BLOCK
CRACKED_STONE_BRICKS,DECORATIVE_BLOCK
CRAFTING_TABLE,UTILITY
CREEPER_BANNER_PATTERN,DECORATION
CREEPER_HEAD,HEAD
CREEPER_SPAWN_EGG,SPAWN_EGG
CREEPER_WALL_HEAD,HEAD
CRIMSON_BUTTON,REDSTONE
CRIMSON_DOOR,WOOD_MATERIAL
CRIMSON_FENCE,WOOD_MATERIAL
CRIMSON_FENCE_GATE,WOOD_MATERIAL
CRIMSON_FUNGUS,WOOD_MATERIAL
CRIMSON_HANGING_SIGN,WOOD_MATERIAL
CRIMSON_HYPHAE,WOOD_MATERIAL
CRIMSON_NYLIUM,WOOD_MATERIAL
CRIMSON_PLANKS,WOOD_MATERIAL
CRIMSON_PRESSURE_PLATE,REDSTONE
CRIMSON_ROOTS,WOOD_MATERIAL
CRIMSON_SIGN,WOOD_MATERIAL
CRIMSON_SLAB,WOOD_MATERIAL
CRIMSON_STAIRS,WOOD_MATERIAL
CRIMSON_STEM,WOOD_MATERIAL
CRIMSON_TRAPDOOR,WOOD_MATERIAL
CRIMSON_WALL_HANGING_SIGN,WOOD_MATERIAL
CRIMSON_WALL_SIGN,WOOD_MATERIAL
CROSSBOW,WEAPON
CRYING_OBSIDIAN,DECORATIVE_BLOCK
CUT_COPPER,DECORATIVE_BLOCK
CUT_COPPER_SLAB,DECORATIVE_BLOCK
CUT_COPPER_STAIRS,DECORATIVE_BLOCK
CUT_RED_SANDSTONE,DECORATIVE_BLOCK
CUT_RED_SANDSTONE_SLAB,DECORATIVE_BLOCK
CUT_SANDSTONE,DECORATIVE_BLOCK
CUT_SANDSTONE_SLAB,DECORATIVE_BLOCK
CYAN_BANNER,DECORATION
CYAN_BED,BED
CYAN_CANDLE,DECORATION
CYAN_CANDLE_CAKE,FOOD
CYAN_CARPET,WOOL
CYAN_CONCRETE,DECORATIVE_BLOCK
CYAN_CONCRETE_POWDER,DECORATION
CYAN_DYE,DYE
CYAN_GLAZED_TERRACOTTA,DECORATIVE_BLOCK
CYAN_SHULKER_BOX,STORAGE
CYAN_STAINED_GLASS,GLASS
CYAN_STAINED_GLASS_PANE,GLASS
CYAN_TERRACOTTA,DECORATIVE_BLOCK
CYAN_WALL_BANNER,DECORATION
CYAN_WOOL,WOOL
DAMAGED_ANVIL,UTILITY
DANDELION,PLANT
DANGER_POTTERY_SHERD,DECORATION
DARK_OAK_BOAT,WOOD_MATERIAL
DARK_OAK_BUTTON,REDSTONE
DARK_OAK_CHEST_BOAT,WOOD_MATERIAL
DARK_OAK_DOOR,WOOD_MATERIAL
DARK_OAK_FENCE,WOOD_MATERIAL
DARK_OAK_FENCE_GATE,WOOD_MATERIAL
DARK_OAK_HANGING_SIGN,WOOD_MATERIAL
DARK_OAK_LEAVES,WOOD_MATERIAL
DARK_OAK_LOG,RAW_WOOD
DARK_OAK_PLANKS,WOOD_MATERIAL
DARK_OAK_PRESSURE_PLATE,REDSTONE
DARK_OAK_SAPLING,SAPLING
DARK_OAK_SIGN,WOOD_MATERIAL
DARK_OAK_SLAB,WOOD_MATERIAL
DARK_OAK_STAIRS,WOOD_MATERIAL
DARK_OAK_TRAPDOOR,WOOD_MATERIAL
DARK_OAK_WALL_HANGING_SIGN,WOOD_MATERIAL
DARK_OAK_WALL_SIGN,WOOD_MATERIAL
DARK_OAK_WOOD,WOOD_MATERIAL
DARK_PRISMARINE,DECORATIVE_BLOCK
DARK_PRISMARINE_SLAB,DECORATIVE_BLOCK
DARK_PRISMARINE_STAIRS,DECORATIVE_BLOCK
DAYLIGHT_DETECTOR,REDSTONE
DEAD_BRAIN_CORAL,CORAL
DEAD_BRAIN_CORAL_BLOCK,CORAL
DEAD_BRAIN_CORAL_FAN,CORAL
DEAD_BRAIN_CORAL_WALL_FAN,CORAL
DEAD_BUBBLE_CORAL,CORAL
DEAD_BUBBLE_CORAL_BLOCK,CORAL
DEAD_BUBBLE_CORAL_FAN,CORAL
DEAD_BUBBLE_CORAL_WALL_FAN,CORAL
DEAD_BUSH,PLANT
DEAD_FIRE_CORAL,CORAL
DEAD_FIRE_CORAL_BLOCK,CORAL
DEAD_FIRE_CORAL_FAN,CORAL
DEAD_FIRE_CORAL_WALL_FAN,CORAL
DEAD_HORN_CORAL,CORAL
DEAD_HORN_CORAL_BLOCK,CORAL
DEAD_HORN_CORAL_FAN,CORAL
DEAD_HORN_CORAL_WALL_FAN,CORAL
DEAD_TUBE_CORAL,CORAL
DEAD_TUBE_CORAL_BLOCK,CORAL
DEAD_TUBE_CORAL_FAN,CORAL
DEAD_TUBE_CORAL_WALL_FAN,CORAL
DEBUG_STICK,NONE
DECORATED_POT,DECORATION
DEEPSLATE,DECORATIVE_BLOCK
DEEPSLATE_BRICK_SLAB,DECORATIVE_BLOCK
DEEPSLATE_BRICK_STAIRS,DECORATIVE_BLOCK
DEEPSLATE_BRICK_WALL,DECORATIVE_BLOCK
DEEPSLATE_BRICKS,DECORATIVE_BLOCK
DEEPSLATE_COAL_ORE,ORE
DEEPSLATE_COPPER_ORE,ORE
DEEPSLATE_DIAMOND_ORE,ORE
DEEPSLATE_EMERALD_ORE,ORE
DEEPSLATE_GOLD_ORE,ORE
DEEPSLATE_IRON_ORE,ORE
DEEPSLATE_LAPIS_ORE,ORE
DEEPSLATE_REDSTONE_ORE,ORE
DEEPSLATE_TILE_SLAB,DECORATIVE_BLOCK
DEEPSLATE_TILE_STAIRS,DECORATIVE_BLOCK
DEEPSLATE_TILE_WALL,DECORATIVE_BLOCK
DEEPSLATE_TILES,DECORATIVE_BLOCK
DETECTOR_RAIL,REDSTONE
DIAMOND,DIAMOND
DIAMOND_AXE,TOOL
DIAMOND_BLOCK,DIAMOND
DIAMOND_BOOTS,ARMOR
DIAMOND_CHESTPLATE,ARMOR
DIAMOND_HELMET,ARMOR
DIAMOND_HOE,TOOL
DIAMOND_HORSE_ARMOR,ARMOR
DIAMOND_LEGGINGS,ARMOR
DIAMOND_ORE,ORE
DIAMOND_PICKAXE,TOOL
DIAMOND_SHOVEL,TOOL
DIAMOND_SWORD,WEAPON
DIORITE,DECORATIVE_BLOCK
DIORITE_SLAB,DECORATIVE_BLOCK
DIORITE_STAIRS,DECORATIVE_BLOCK
DIORITE_WALL,DECORATIVE_BLOCK
DIRT,DIRT
DIRT_PATH,NONE
DISC_FRAGMENT_5,MUSIC
DISPENSER,REDSTONE
DOLPHIN_SPAWN_EGG,SPAWN_EGG
DONKEY_SPAWN_EGG,SPAWN_EGG
DRAGON_BREATH,MOB DROP
DRAGON_EGG,SPAWN_EGG
DRAGON_HEAD,HEAD
DRAGON_WALL_HEAD,HEAD
DRIED_KELP,PLANT
DRIED_KELP_BLOCK,PLANT
DRIPSTONE_BLOCK,DECORATIVE_BLOCK
DROPPER,REDSTONE
DROWNED_SPAWN_EGG,SPAWN_EGG
DUNE_ARMOR_TRIM_SMITHING_TEMPLATE,SMITHING
ECHO_SHARD,UTILITY
EGG,FOOD
ELDER_GUARDIAN_SPAWN_EGG,SPAWN_EGG
ELYTRA,ARMOR
EMERALD,GEMS
EMERALD_BLOCK,GEMS
EMERALD_ORE,ORE
ENCHANTED_BOOK,ENCHANTING
ENCHANTED_GOLDEN_APPLE,FOOD
ENCHANTING_TABLE,UTILITY
END_CRYSTAL,DECORATIVE_BLOCK
END_GATEWAY,NONE
END_PORTAL,NONE
END_PORTAL_FRAME,NONE
END_ROD,DECORATION
END_STONE,DECORATIVE_BLOCK
END_STONE_BRICK_SLAB,DECORATIVE_BLOCK
END_STONE_BRICK_STAIRS,DECORATIVE_BLOCK
END_STONE_BRICK_WALL,DECORATIVE_BLOCK
END_STONE_BRICKS,DECORATIVE_BLOCK
ENDER_CHEST,STORAGE
ENDER_DRAGON_SPAWN_EGG,SPAWN_EGG
ENDER_EYE,MOB_DROP
ENDER_PEARL,MOB_DROP
ENDERMAN_SPAWN_EGG,SPAWN_EGG
ENDERMITE_SPAWN_EGG,SPAWN_EGG
EVOKER_SPAWN_EGG,SPAWN_EGG
EXPERIENCE_BOTTLE,UTILITY
EXPLORER_POTTERY_SHERD,DECORATION
EXPOSED_CHISELED_COPPER,DECORATIVE_BLOCK
EXPOSED_COPPER,DECORATIVE_BLOCK
EXPOSED_COPPER_BULB,DECORATIVE_BLOCK
EXPOSED_COPPER_DOOR,DECORATIVE_BLOCK
EXPOSED_COPPER_GRATE,DECORATIVE_BLOCK
EXPOSED_COPPER_TRAPDOOR,DECORATIVE_BLOCK
EXPOSED_CUT_COPPER,DECORATIVE_BLOCK
EXPOSED_CUT_COPPER_SLAB,DECORATIVE_BLOCK
EXPOSED_CUT_COPPER_STAIRS,DECORATIVE_BLOCK
EYE_ARMOR_TRIM_SMITHING_TEMPLATE,SMITHING
FARMLAND,DIRT
FEATHER,MOB_DROP
FERMENTED_SPIDER_EYE,MOB_DROP
FERN,PLANT
FILLED_MAP,MAP
FIRE,NONE
FIRE_CHARGE,WEAPON
FIRE_CORAL,CORAL
FIRE_CORAL_BLOCK,CORAL
FIRE_CORAL_FAN,CORAL
FIRE_CORAL_WALL_FAN,CORAL
FIREWORK_ROCKET,MISC
FIREWORK_STAR,MISC
FISHING_ROD,TOOL
FLETCHING_TABLE,UTILITY
FLINT,FLINT
FLINT_AND_STEEL,UTILITY
FLOW_ARMOR_TRIM_SMITHING_TEMPLATE,SMITHING
FLOW_BANNER_PATTERN,DECORATION
FLOW_POTTERY_SHERD,DECORATION
FLOWER_BANNER_PATTERN,DECORATION
FLOWER_POT,DECORATION
FLOWERING_AZALEA,PLANT
FLOWERING_AZALEA_LEAVES,PLANT
FOX_SPAWN_EGG,SPAWN_EGG
FRIEND_POTTERY_SHERD,DECORATION
FROG_SPAWN_EGG,SPAWN_EGG
FROGSPAWN,NONE
FROSTED_ICE,ICE
FURNACE,UTILITY
FURNACE_MINECART,UTILITY
GHAST_SPAWN_EGG,SPAWN_EGG
GHAST_TEAR,MOB_DROP
GILDED_BLACKSTONE,DECORATIVE_BLOCK
GLASS,GLASS
GLASS_BOTTLE,GLASS
GLASS_PANE,GLASS
GLISTERING_MELON_SLICE,FOOD
GLOBE_BANNER_PATTERN,DECORATION
GLOW_BERRIES,FOOD
GLOW_INK_SAC,MOB_DROP
GLOW_ITEM_FRAME,UTILITY
GLOW_LICHEN,PLANT
GLOW_SQUID_SPAWN_EGG,SPAWN_EGG
GLOWSTONE,GLOWSTONE
GLOWSTONE_DUST,GLOWSTONE
GOAT_HORN,UTILITY
GOAT_SPAWN_EGG,SPAWN_EGG
GOLD_BLOCK,GOLD
GOLD_INGOT,GOLD
GOLD_NUGGET,GOLD
GOLD_ORE,ORE
GOLDEN_APPLE,FOOD
GOLDEN_AXE,TOOL
GOLDEN_BOOTS,ARMOR
GOLDEN_CARROT,FOOD
GOLDEN_CHESTPLATE,ARMOR
GOLDEN_HELMET,ARMOR
GOLDEN_HOE,TOOL
GOLDEN_HORSE_ARMOR,ARMOR
GOLDEN_LEGGINGS,ARMOR
GOLDEN_PICKAXE,TOOL
GOLDEN_SHOVEL,TOOL
GOLDEN_SWORD,WEAPON
GRANITE,DECORATIVE_BLOCK
GRANITE_SLAB,DECORATIVE_BLOCK
GRANITE_STAIRS,DECORATIVE_BLOCK
GRANITE_WALL,DECORATIVE_BLOCK
GRASS_BLOCK,PLANT
GRAVEL,DECORATIVE_BLOCK
GRAY_BANNER,DECORATION
GRAY_BED,BED
GRAY_CANDLE,DECORATION
GRAY_CANDLE_CAKE,FOOD
GRAY_CARPET,WOOL
GRAY_CONCRETE,DECORATIVE_BLOCK
GRAY_CONCRETE_POWDER,DECORATION
GRAY_DYE,DYE
GRAY_GLAZED_TERRACOTTA,DECORATIVE_BLOCK
GRAY_SHULKER_BOX,STORAGE
GRAY_STAINED_GLASS,GLASS
GRAY_STAINED_GLASS_PANE,GLASS
GRAY_TERRACOTTA,DECORATIVE_BLOCK
GRAY_WALL_BANNER,DECORATION
GRAY_WOOL,WOOL
GREEN_BANNER,DECORATION
GREEN_BED,BED
GREEN_CANDLE,DECORATION
GREEN_CANDLE_CAKE,FOOD
GREEN_CARPET,WOOL
GREEN_CONCRETE,DECORATIVE_BLOCK
GREEN_CONCRETE_POWDER,DECORATION
GREEN_DYE,DYE
GREEN_GLAZED_TERRACOTTA,DECORATIVE_BLOCK
GREEN_SHULKER_BOX,STORAGE
GREEN_STAINED_GLASS,GLASS
GREEN_STAINED_GLASS_PANE,GLASS
GREEN_TERRACOTTA,DECORATIVE_BLOCK
GREEN_WALL_BANNER,DECORATION
GREEN_WOOL,WOOL
GRINDSTONE,UTILITY
GUARDIAN_SPAWN_EGG,SPAWN_EGG
GUNPOWDER,MOB_DROP
GUSTER_BANNER_PATTERN,DECORATION
GUSTER_POTTERY_SHERD,DECORATION
HANGING_ROOTS,PLANT
HAY_BLOCK,PLANT
HEART_OF_THE_SEA,UTILITY
HEART_POTTERY_SHERD,DECORATION
HEARTBREAK_POTTERY_SHERD,DECORATION
HEAVY_CORE,UTILITY
HEAVY_WEIGHTED_PRESSURE_PLATE,REDSTONE
HOGLIN_SPAWN_EGG,SPAWN_EGG
HONEY_BLOCK,DECORATIVE_BLOCK
HONEY_BOTTLE,FOOD
HONEYCOMB,UTILITY
HONEYCOMB_BLOCK,DECORATIVE_BLOCK
HOPPER,UTILITY
HOPPER_MINECART,UTILITY
HORN_CORAL,CORAL
HORN_CORAL_BLOCK,CORAL
HORN_CORAL_FAN,CORAL
HORN_CORAL_WALL_FAN,CORAL
HORSE_SPAWN_EGG,SPAWN_EGG
HOST_ARMOR_TRIM_SMITHING_TEMPLATE,SMITHING
HOWL_POTTERY_SHERD,DECORATION
HUSK_SPAWN_EGG,SPAWN_EGG
ICE,ICE
INFESTED_CHISELED_STONE_BRICKS,DECORATIVE_BLOCK
INFESTED_COBBLESTONE,DECORATIVE_BLOCK
INFESTED_CRACKED_STONE_BRICKS,DECORATIVE_BLOCK
INFESTED_DEEPSLATE,DECORATIVE_BLOCK
INFESTED_MOSSY_STONE_BRICKS,DECORATIVE_BLOCK
INFESTED_STONE,DECORATIVE_BLOCK
INFESTED_STONE_BRICKS,DECORATIVE_BLOCK
INK_SAC,MOB_DROP
IRON_AXE,TOOL
IRON_BARS,DECORATIVE_BLOCK
IRON_BLOCK,IRON
IRON_BOOTS,ARMOR
IRON_CHESTPLATE,ARMOR
IRON_DOOR,DOOR
IRON_GOLEM_SPAWN_EGG,SPAWN_EGG
IRON_HELMET,ARMOR
IRON_HOE,TOOL
IRON_HORSE_ARMOR,ARMOR
IRON_INGOT,IRON
IRON_LEGGINGS,ARMOR
IRON_NUGGET,IRON
IRON_ORE,ORE
IRON_PICKAXE,TOOL
IRON_SHOVEL,TOOL
IRON_SWORD,WEAPON
IRON_TRAPDOOR,REDSTONE
ITEM_FRAME,UTILITY
JACK_O_LANTERN,PLANT
JIGSAW,UTILITY
JUKEBOX,UTILITY
JUNGLE_BOAT,WOOD_MATERIAL
JUNGLE_BUTTON,REDSTONE
JUNGLE_CHEST_BOAT,WOOD_MATERIAL
JUNGLE_DOOR,WOOD_MATERIAL
JUNGLE_FENCE,WOOD_MATERIAL
JUNGLE_FENCE_GATE,WOOD_MATERIAL
JUNGLE_HANGING_SIGN,WOOD_MATERIAL
JUNGLE_LEAVES,PLANT
JUNGLE_LOG,RAW_WOOD
JUNGLE_PLANKS,WOOD_MATERIAL
JUNGLE_PRESSURE_PLATE,REDSTONE
JUNGLE_SAPLING,SAPLING
JUNGLE_SIGN,WOOD_MATERIAL
JUNGLE_SLAB,WOOD_MATERIAL
JUNGLE_STAIRS,WOOD_MATERIAL
JUNGLE_TRAPDOOR,WOOD_MATERIAL
JUNGLE_WALL_HANGING_SIGN,WOOD_MATERIAL
JUNGLE_WALL_SIGN,WOOD_MATERIAL
JUNGLE_WOOD,RAW_WOOD
KELP,PLANT
KELP_PLANT,PLANT
KNOWLEDGE_BOOK,BOOK
LADDER,UTILITY
LANTERN,DECORATION
LAPIS_BLOCK,LAPIS
LAPIS_LAZULI,LAPIS
LAPIS_ORE,ORE
LARGE_AMETHYST_BUD,DECORATIVE_BLOCK
LARGE_FERN,PLANT
LAVA,NONE
LAVA_BUCKET,UTILITY
LAVA_CAULDRON,UTILITY
LEAD,UTILITY
LEATHER,LEATHER
LEATHER_BOOTS,ARMOR
LEATHER_CHESTPLATE,ARMOR
LEATHER_HELMET,ARMOR
LEATHER_HORSE_ARMOR,LEATHER
LEATHER_LEGGINGS,ARMOR
LECTERN,UTILITY
LEVER,REDSTONE
LIGHT,NONE
LIGHT_BLUE_BANNER,DECORATION
LIGHT_BLUE_BED,BED
LIGHT_BLUE_CANDLE,DECORATION
LIGHT_BLUE_CANDLE_CAKE,FOOD
LIGHT_BLUE_CARPET,WOOL
LIGHT_BLUE_CONCRETE,DECORATIVE_BLOCK
LIGHT_BLUE_CONCRETE_POWDER,DECORATION
LIGHT_BLUE_DYE,DYE
LIGHT_BLUE_GLAZED_TERRACOTTA,DECORATIVE_BLOCK
LIGHT_BLUE_SHULKER_BOX,STORAGE
LIGHT_BLUE_STAINED_GLASS,GLASS
LIGHT_BLUE_STAINED_GLASS_PANE,GLASS
LIGHT_BLUE_TERRACOTTA,DECORATIVE_BLOCK
LIGHT_BLUE_WALL_BANNER,DECORATION
LIGHT_BLUE_WOOL,WOOL
LIGHT_GRAY_BANNER,DECORATION
LIGHT_GRAY_BED,BED
LIGHT_GRAY_CANDLE,DECORATION
LIGHT_GRAY_CANDLE_CAKE,FOOD
LIGHT_GRAY_CARPET,WOOL
LIGHT_GRAY_CONCRETE,DECORATIVE_BLOCK
LIGHT_GRAY_CONCRETE_POWDER,DECORATION
LIGHT_GRAY_DYE,DYE
LIGHT_GRAY_GLAZED_TERRACOTTA,DECORATIVE_BLOCK
LIGHT_GRAY_SHULKER_BOX,STORAGE
LIGHT_GRAY_STAINED_GLASS,GLASS
LIGHT_GRAY_STAINED_GLASS_PANE,GLASS
LIGHT_GRAY_TERRACOTTA,DECORATIVE_BLOCK
LIGHT_GRAY_WALL_BANNER,DECORATION
LIGHT_GRAY_WOOL,WOOL
LIGHT_WEIGHTED_PRESSURE_PLATE,REDSTONE
LIGHTNING_ROD,UTILITY
LILAC,PLANT
LILY_OF_THE_VALLEY,PLANT
LILY_PAD,PLANT
LIME_BANNER,DECORATION
LIME_BED,BED
LIME_CANDLE,DECORATION
LIME_CANDLE_CAKE,FOOD
LIME_CARPET,WOOL
LIME_CONCRETE,DECORATIVE_BLOCK
LIME_CONCRETE_POWDER,DECORATION
LIME_DYE,DYE
LIME_GLAZED_TERRACOTTA,DECORATIVE_BLOCK
LIME_SHULKER_BOX,STORAGE
LIME_STAINED_GLASS,GLASS
LIME_STAINED_GLASS_PANE,GLASS
LIME_TERRACOTTA,DECORATIVE_BLOCK
LIME_WALL_BANNER,DECORATION
LIME_WOOL,WOOL
LINGERING_POTION,POTION
LLAMA_SPAWN_EGG,SPAWN_EGG
LODESTONE,DECORATIVE_BLOCK
LOOM,UTILITY
MACE,WEAPON
MAGENTA_BANNER,DECORATION
MAGENTA_BED,BED
MAGENTA_CANDLE,DECORATION
MAGENTA_CANDLE_CAKE,FOOD
MAGENTA_CARPET,WOOL
MAGENTA_CONCRETE,DECORATIVE_BLOCK
MAGENTA_CONCRETE_POWDER,DECORATION
MAGENTA_DYE,DYE
MAGENTA_GLAZED_TERRACOTTA,DECORATIVE_BLOCK
MAGENTA_SHULKER_BOX,STORAGE
MAGENTA_STAINED_GLASS,GLASS
MAGENTA_STAINED_GLASS_PANE,GLASS
MAGENTA_TERRACOTTA,DECORATIVE_BLOCK
MAGENTA_WALL_BANNER,DECORATION
MAGENTA_WOOL,WOOL
MAGMA_BLOCK,MOB_DROP
MAGMA_CREAM,MOB_DROP
MAGMA_CUBE_SPAWN_EGG,SPAWN_EGG
MANGROVE_BOAT,WOOD_MATERIAL
MANGROVE_BUTTON,REDSTONE
MANGROVE_CHEST_BOAT,WOOD_MATERIAL
MANGROVE_DOOR,WOOD_MATERIAL
MANGROVE_FENCE,WOOD_MATERIAL
MANGROVE_FENCE_GATE,WOOD_MATERIAL
MANGROVE_HANGING_SIGN,WOOD_MATERIAL
MANGROVE_LEAVES,PLANT
MANGROVE_LOG,RAW_WOOD
MANGROVE_PLANKS,WOOD_MATERIAL
MANGROVE_PRESSURE_PLATE,REDSTONE
MANGROVE_PROPAGULE,WOOD_MATERIAL
MANGROVE_ROOTS,WOOD_MATERIAL
MANGROVE_SIGN,WOOD_MATERIAL
MANGROVE_SLAB,WOOD_MATERIAL
MANGROVE_STAIRS,WOOD_MATERIAL
MANGROVE_TRAPDOOR,WOOD_MATERIAL
MANGROVE_WALL_HANGING_SIGN,WOOD_MATERIAL
MANGROVE_WALL_SIGN,WOOD_MATERIAL
MANGROVE_WOOD,RAW_WOOD
MAP,MAP
MEDIUM_AMETHYST_BUD,DECORATIVE_BLOCK
MELON,FOOD
MELON_SEEDS,PLANT
MELON_SLICE,FOOD
MELON_STEM,PLANT
MILK_BUCKET,FOOD
MINECART,UTILITY
MINER_POTTERY_SHERD,DECORATION
MOJANG_BANNER_PATTERN,DECORATION
MOOSHROOM_SPAWN_EGG,SPAWN_EGG
MOSS_BLOCK,PLANT
MOSS_CARPET,WOOL
MOSSY_COBBLESTONE,DECORATIVE_BLOCK
MOSSY_COBBLESTONE_SLAB,DECORATIVE_BLOCK
MOSSY_COBBLESTONE_STAIRS,DECORATIVE_BLOCK
MOSSY_COBBLESTONE_WALL,DECORATIVE_BLOCK
MOSSY_STONE_BRICK_SLAB,DECORATIVE_BLOCK
MOSSY_STONE_BRICK_STAIRS,DECORATIVE_BLOCK
MOSSY_STONE_BRICK_WALL,DECORATIVE_BLOCK
MOSSY_STONE_BRICKS,DECORATIVE_BLOCK
MOURNER_POTTERY_SHERD,DECORATION
MOVING_PISTON,REDSTONE
MUD,DECORATIVE_BLOCK
MUD_BRICK_SLAB,DECORATIVE_BLOCK
MUD_BRICK_STAIRS,DECORATIVE_BLOCK
MUD_BRICK_WALL,DECORATIVE_BLOCK
MUD_BRICKS,DECORATIVE_BLOCK
MUDDY_MANGROVE_ROOTS,PLANT
MULE_SPAWN_EGG,SPAWN_EGG
MUSHROOM_STEM,FOOD
MUSHROOM_STEW,FOOD
MUSIC_DISC_11,MUSIC
MUSIC_DISC_13,MUSIC
MUSIC_DISC_5,MUSIC
MUSIC_DISC_BLOCKS,MUSIC
MUSIC_DISC_CAT,MUSIC
MUSIC_DISC_CHIRP,MUSIC
MUSIC_DISC_FAR,MUSIC
MUSIC_DISC_MALL,MUSIC
MUSIC_DISC_MELLOHI,MUSIC
MUSIC_DISC_OTHERSIDE,MUSIC
MUSIC_DISC_PIGSTEP,MUSIC
MUSIC_DISC_RELIC,MUSIC
MUSIC_DISC_STAL,MUSIC
MUSIC_DISC_STRAD,MUSIC
MUSIC_DISC_WAIT,MUSIC
MUSIC_DISC_WARD,MUSIC
MUTTON,RAW_FOOD
MYCELIUM,DIRT
NAME_TAG,UTILITY
NAUTILUS_SHELL,MOB_DROP
NETHER_BRICK,DECORATIVE_BLOCK
NETHER_BRICK_FENCE,DECORATIVE_BLOCK
NETHER_BRICK_SLAB,DECORATIVE_BLOCK
NETHER_BRICK_STAIRS,DECORATIVE_BLOCK
NETHER_BRICK_WALL,DECORATIVE_BLOCK
NETHER_BRICKS,DECORATIVE_BLOCK
NETHER_GOLD_ORE,ORE
NETHER_PORTAL,NONE
NETHER_QUARTZ_ORE,ORE
NETHER_SPROUTS,PLANT
NETHER_STAR,MOB_DROP
NETHER_WART,PLANT
NETHER_WART_BLOCK,PLANT
NETHERITE_AXE,TOOL
NETHERITE_BLOCK,DECORATIVE_BLOCK
NETHERITE_BOOTS,ARMOR
NETHERITE_CHESTPLATE,ARMOR
NETHERITE_HELMET,ARMOR
NETHERITE_HOE,TOOL
NETHERITE_INGOT,NETHERITE
NETHERITE_LEGGINGS,ARMOR
NETHERITE_PICKAXE,TOOL
NETHERITE_SCRAP,NETHERITE
NETHERITE_SHOVEL,TOOL
NETHERITE_SWORD,WEAPON
NETHERITE_UPGRADE_SMITHING_TEMPLATE,SMITHING
NETHERRACK,DECORATIVE_BLOCK
NOTE_BLOCK,MUSIC
OAK_BOAT,WOOD_MATERIAL
OAK_BUTTON,REDSTONE
OAK_CHEST_BOAT,WOOD_MATERIAL
OAK_DOOR,WOOD_MATERIAL
OAK_FENCE,WOOD_MATERIAL
OAK_FENCE_GATE,WOOD_MATERIAL
OAK_HANGING_SIGN,WOOD_MATERIAL
OAK_LEAVES,PLANT
OAK_LOG,RAW_WOOD
OAK_PLANKS,WOOD_MATERIAL
OAK_PRESSURE_PLATE,REDSTONE
OAK_SAPLING,SAPLING
OAK_SIGN,WOOD_MATERIAL
OAK_SLAB,WOOD_MATERIAL
OAK_STAIRS,WOOD_MATERIAL
OAK_TRAPDOOR,WOOD_MATERIAL
OAK_WALL_HANGING_SIGN,WOOD_MATERIAL
OAK_WALL_SIGN,WOOD_MATERIAL
OAK_WOOD,RAW_WOOD
OBSERVER,REDSTONE
OBSIDIAN,DECORATIVE_BLOCK
OCELOT_SPAWN_EGG,SPAWN_EGG
OCHRE_FROGLIGHT,DECORATIVE_BLOCK
OMINOUS_BOTTLE,POTION
OMINOUS_TRIAL_KEY,UTILITY
ORANGE_BANNER,DECORATION
ORANGE_BED,BED
ORANGE_CANDLE,DECORATION
ORANGE_CANDLE_CAKE,FOOD
ORANGE_CARPET,WOOL
ORANGE_CONCRETE,DECORATIVE_BLOCK
ORANGE_CONCRETE_POWDER,DECORATION
ORANGE_DYE,DYE
ORANGE_GLAZED_TERRACOTTA,DECORATIVE_BLOCK
ORANGE_SHULKER_BOX,STORAGE
ORANGE_STAINED_GLASS,GLASS
ORANGE_STAINED_GLASS_PANE,GLASS
ORANGE_TERRACOTTA,DECORATIVE_BLOCK
ORANGE_TULIP,PLANT
ORANGE_WALL_BANNER,DECORATION
ORANGE_WOOL,WOOL
OXEYE_DAISY,PLANT
OXIDIZED_CHISELED_COPPER,DECORATIVE_BLOCK
OXIDIZED_COPPER,DECORATIVE_BLOCK
OXIDIZED_COPPER_BULB,DECORATIVE_BLOCK
OXIDIZED_COPPER_DOOR,DECORATIVE_BLOCK
OXIDIZED_COPPER_GRATE,DECORATIVE_BLOCK
OXIDIZED_COPPER_TRAPDOOR,DECORATIVE_BLOCK
OXIDIZED_CUT_COPPER,DECORATIVE_BLOCK
OXIDIZED_CUT_COPPER_SLAB,DECORATIVE_BLOCK
OXIDIZED_CUT_COPPER_STAIRS,DECORATIVE_BLOCK
PACKED_ICE,ICE
PACKED_MUD,DECORATIVE_BLOCK
PAINTING,DECORATION
PANDA_SPAWN_EGG,SPAWN_EGG
PAPER,UTILITY
PARROT_SPAWN_EGG,SPAWN_EGG
PEARLESCENT_FROGLIGHT,DECORATIVE_BLOCK
PEONY,PLANT
PETRIFIED_OAK_SLAB,DECORATIVE_BLOCK
PHANTOM_MEMBRANE,MOB_DROP
PHANTOM_SPAWN_EGG,SPAWN_EGG
PIG_SPAWN_EGG,SPAWN_EGG
PIGLIN_BANNER_PATTERN,DECORATION
PIGLIN_BRUTE_SPAWN_EGG,SPAWN_EGG
PIGLIN_HEAD,HEAD
PIGLIN_SPAWN_EGG,SPAWN_EGG
PIGLIN_WALL_HEAD,HEAD
PILLAGER_SPAWN_EGG,SPAWN_EGG
PINK_BANNER,DECORATION
PINK_BED,BED
PINK_CANDLE,DECORATION
PINK_CANDLE_CAKE,FOOD
PINK_CARPET,WOOL
PINK_CONCRETE,DECORATIVE_BLOCK
PINK_CONCRETE_POWDER,DECORATION
PINK_DYE,DYE
PINK_GLAZED_TERRACOTTA,DECORATIVE_BLOCK
PINK_PETALS,PLANT
PINK_SHULKER_BOX,STORAGE
PINK_STAINED_GLASS,GLASS
PINK_STAINED_GLASS_PANE,GLASS
PINK_TERRACOTTA,DECORATIVE_BLOCK
PINK_TULIP,PLANT
PINK_WALL_BANNER,DECORATION
PINK_WOOL,WOOL
PISTON,REDSTONE
PISTON_HEAD,REDSTONE
PITCHER_CROP,PLANT
PITCHER_PLANT,PLANT
PITCHER_POD,PLANT
PLAYER_HEAD,HEAD
PLAYER_WALL_HEAD,HEAD
PLENTY_POTTERY_SHERD,DECORATION
PODZOL,DIRT
POINTED_DRIPSTONE,DECORATIVE_BLOCK
POISONOUS_POTATO,JUNK
POLAR_BEAR_SPAWN_EGG,SPAWN_EGG
POLISHED_ANDESITE,DECORATIVE_BLOCK
POLISHED_ANDESITE_SLAB,DECORATIVE_BLOCK
POLISHED_ANDESITE_STAIRS,DECORATIVE_BLOCK
POLISHED_BASALT,DECORATIVE_BLOCK
POLISHED_BLACKSTONE,DECORATIVE_BLOCK
POLISHED_BLACKSTONE_BRICK_SLAB,DECORATIVE_BLOCK
POLISHED_BLACKSTONE_BRICK_STAIRS,DECORATIVE_BLOCK
POLISHED_BLACKSTONE_BRICK_WALL,DECORATIVE_BLOCK
POLISHED_BLACKSTONE_BRICKS,DECORATIVE_BLOCK
POLISHED_BLACKSTONE_BUTTON,REDSTONE
POLISHED_BLACKSTONE_PRESSURE_PLATE,REDSTONE
POLISHED_BLACKSTONE_SLAB,DECORATIVE_BLOCK
POLISHED_BLACKSTONE_STAIRS,DECORATIVE_BLOCK
POLISHED_BLACKSTONE_WALL,DECORATIVE_BLOCK
POLISHED_DEEPSLATE,DECORATIVE_BLOCK
POLISHED_DEEPSLATE_SLAB,DECORATIVE_BLOCK
POLISHED_DEEPSLATE_STAIRS,DECORATIVE_BLOCK
POLISHED_DEEPSLATE_WALL,DECORATIVE_BLOCK
POLISHED_DIORITE,DECORATIVE_BLOCK
POLISHED_DIORITE_SLAB,DECORATIVE_BLOCK
POLISHED_DIORITE_STAIRS,DECORATIVE_BLOCK
POLISHED_GRANITE,DECORATIVE_BLOCK
POLISHED_GRANITE_SLAB,DECORATIVE_BLOCK
POLISHED_GRANITE_STAIRS,DECORATIVE_BLOCK
POLISHED_TUFF,DECORATIVE_BLOCK
POLISHED_TUFF_SLAB,DECORATIVE_BLOCK
POLISHED_TUFF_STAIRS,DECORATIVE_BLOCK
POLISHED_TUFF_WALL,DECORATIVE_BLOCK
POPPED_CHORUS_FRUIT,UTILITY
POPPY,PLANT
PORKCHOP,COOKED_FOOD
POTATO,FOOD
POTATOES,FOOD
POTION,POTION
POTTED_ACACIA_SAPLING,SAPLING
POTTED_ALLIUM,DECORATION
POTTED_AZALEA_BUSH,DECORATION
POTTED_AZURE_BLUET,DECORATION
POTTED_BAMBOO,DECORATION
POTTED_BIRCH_SAPLING,SAPLING
POTTED_BLUE_ORCHID,DECORATION
POTTED_BROWN_MUSHROOM,DECORATION
POTTED_CACTUS,DECORATION
POTTED_CHERRY_SAPLING,SAPLING
POTTED_CORNFLOWER,DECORATION
POTTED_CRIMSON_FUNGUS,DECORATION
POTTED_CRIMSON_ROOTS,DECORATION
POTTED_DANDELION,DECORATION
POTTED_DARK_OAK_SAPLING,SAPLING
POTTED_DEAD_BUSH,DECORATION
POTTED_FERN,DECORATION
POTTED_FLOWERING_AZALEA_BUSH,DECORATION
POTTED_JUNGLE_SAPLING,SAPLING
POTTED_LILY_OF_THE_VALLEY,DECORATION
POTTED_MANGROVE_PROPAGULE,DECORATION
POTTED_OAK_SAPLING,SAPLING
POTTED_ORANGE_TULIP,DECORATION
POTTED_OXEYE_DAISY,DECORATION
POTTED_PINK_TULIP,DECORATION
POTTED_POPPY,DECORATION
POTTED_RED_MUSHROOM,DECORATION
POTTED_RED_TULIP,DECORATION
POTTED_SPRUCE_SAPLING,SAPLING
POTTED_TORCHFLOWER,DECORATION
POTTED_WARPED_FUNGUS,DECORATION
POTTED_WARPED_ROOTS,DECORATION
POTTED_WHITE_TULIP,DECORATION
POTTED_WITHER_ROSE,DECORATION
POWDER_SNOW,DECORATIVE_BLOCK
POWDER_SNOW_BUCKET,UTILITY
POWDER_SNOW_CAULDRON,UTILITY
POWERED_RAIL,REDSTONE
PRISMARINE,DECORATIVE_BLOCK
PRISMARINE_BRICK_SLAB,DECORATIVE_BLOCK
PRISMARINE_BRICK_STAIRS,DECORATIVE_BLOCK
PRISMARINE_BRICKS,DECORATIVE_BLOCK
PRISMARINE_CRYSTALS,DECORATIVE_BLOCK
PRISMARINE_SHARD,DECORATIVE_BLOCK
PRISMARINE_SLAB,DECORATIVE_BLOCK
PRISMARINE_STAIRS,DECORATIVE_BLOCK
PRISMARINE_WALL,DECORATIVE_BLOCK
PRIZE_POTTERY_SHERD,DECORATION
PUFFERFISH,MOB_DROP
PUFFERFISH_BUCKET,BUCKET_MOB
PUFFERFISH_SPAWN_EGG,SPAWN_EGG
PUMPKIN,PLANT
PUMPKIN_PIE,FOOD
PUMPKIN_SEEDS,PLANT
PUMPKIN_STEM,PLANT
PURPLE_BANNER,DECORATION
PURPLE_BED,BED
PURPLE_CANDLE,DECORATION
PURPLE_CANDLE_CAKE,FOOD
PURPLE_CARPET,WOOL
PURPLE_CONCRETE,DECORATIVE_BLOCK
PURPLE_CONCRETE_POWDER,DECORATION
PURPLE_DYE,DYE
PURPLE_GLAZED_TERRACOTTA,DECORATIVE_BLOCK
PURPLE_SHULKER_BOX,STORAGE
PURPLE_STAINED_GLASS,GLASS
PURPLE_STAINED_GLASS_PANE,GLASS
PURPLE_TERRACOTTA,DECORATIVE_BLOCK
PURPLE_WALL_BANNER,DECORATION
PURPLE_WOOL,WOOL
PURPUR_BLOCK,DECORATIVE_BLOCK
PURPUR_PILLAR,DECORATIVE_BLOCK
PURPUR_SLAB,DECORATIVE_BLOCK
PURPUR_STAIRS,DECORATIVE_BLOCK
QUARTZ,QUARTZ
QUARTZ_BLOCK,DECORATIVE_BLOCK
QUARTZ_BRICKS,DECORATIVE_BLOCK
QUARTZ_PILLAR,DECORATIVE_BLOCK
QUARTZ_SLAB,DECORATIVE_BLOCK
QUARTZ_STAIRS,DECORATIVE_BLOCK
RABBIT,NONE
RABBIT_FOOT,POTION
RABBIT_HIDE,LEATHER
RABBIT_SPAWN_EGG,SPAWN_EGG
RABBIT_STEW,FOOD
RAIL,REDSTONE
RAISER_ARMOR_TRIM_SMITHING_TEMPLATE,SMITHING
RAVAGER_SPAWN_EGG,SPAWN_EGG
RAW_COPPER,ORE
RAW_COPPER_BLOCK,ORE
RAW_GOLD,ORE
RAW_GOLD_BLOCK,ORE
RAW_IRON,ORE
RAW_IRON_BLOCK,ORE
RECOVERY_COMPASS,UTILITY
RED_BANNER,DECORATION
RED_BED,BED
RED_CANDLE,DECORATION
RED_CANDLE_CAKE,FOOD
RED_CARPET,WOOL
RED_CONCRETE,DECORATIVE_BLOCK
RED_CONCRETE_POWDER,DECORATION
RED_DYE,DYE
RED_GLAZED_TERRACOTTA,DECORATIVE_BLOCK
RED_MUSHROOM,PLANT
RED_MUSHROOM_BLOCK,PLANT
RED_NETHER_BRICK_SLAB,DECORATIVE_BLOCK
RED_NETHER_BRICK_STAIRS,DECORATIVE_BLOCK
RED_NETHER_BRICK_WALL,DECORATIVE_BLOCK
RED_NETHER_BRICKS,DECORATIVE_BLOCK
RED_SAND,DECORATIVE_BLOCK
RED_SANDSTONE,DECORATIVE_BLOCK
RED_SANDSTONE_SLAB,DECORATIVE_BLOCK
RED_SANDSTONE_STAIRS,DECORATIVE_BLOCK
RED_SANDSTONE_WALL,DECORATIVE_BLOCK
RED_SHULKER_BOX,STORAGE
RED_STAINED_GLASS,GLASS
RED_STAINED_GLASS_PANE,GLASS
RED_TERRACOTTA,DECORATIVE_BLOCK
RED_TULIP,PLANT
RED_WALL_BANNER,DECORATION
RED_WOOL,WOOL
REDSTONE,REDSTONE
REDSTONE_BLOCK,REDSTONE
REDSTONE_LAMP,REDSTONE
REDSTONE_ORE,REDSTONE
REDSTONE_TORCH,REDSTONE
REDSTONE_WALL_TORCH,REDSTONE
REDSTONE_WIRE,REDSTONE
REINFORCED_DEEPSLATE,DECORATIVE_BLOCK
REPEATER,REDSTONE
REPEATING_COMMAND_BLOCK,UTILITY
RESPAWN_ANCHOR,UTILITY
RIB_ARMOR_TRIM_SMITHING_TEMPLATE,SMITHING
ROOTED_DIRT,DIRT
ROSE_BUSH,PLANT
ROTTEN_FLESH,MOB_DROP
SADDLE,UTILITY
SALMON,RAW_FOOD
SALMON_BUCKET,BUCKET_MOB
SALMON_SPAWN_EGG,SPAWN_EGG
SAND,SAND
SANDSTONE,DECORATIVE_BLOCK
SANDSTONE_SLAB,DECORATIVE_BLOCK
SANDSTONE_STAIRS,DECORATIVE_BLOCK
SANDSTONE_WALL,DECORATIVE_BLOCK
SCAFFOLDING,DECORATIVE_BLOCK
SCRAPE_POTTERY_SHERD,DECORATION
SCULK,UTILITY
SCULK_CATALYST,UTILITY
SCULK_SENSOR,UTILITY
SCULK_SHRIEKER,UTILITY
SCULK_VEIN,UTILITY
SEA_LANTERN,DECORATION
SEA_PICKLE,DECORATION
SEAGRASS,PLANT
SENTRY_ARMOR_TRIM_SMITHING_TEMPLATE,SMITHING
SHAPER_ARMOR_TRIM_SMITHING_TEMPLATE,SMITHING
SHEAF_POTTERY_SHERD,DECORATION
SHEARS,TOOL
SHEEP_SPAWN_EGG,SPAWN_EGG
SHELTER_POTTERY_SHERD,DECORATION
SHIELD,ARMOR
SHORT_GRASS,PLANT
SHROOMLIGHT,DECORATION
SHULKER_BOX,STORAGE
SHULKER_SHELL,STORAGE
SHULKER_SPAWN_EGG,SPAWN_EGG
SILENCE_ARMOR_TRIM_SMITHING_TEMPLATE,SMITHING
SILVERFISH_SPAWN_EGG,SPAWN_EGG
SKELETON_HORSE_SPAWN_EGG,SPAWN_EGG
SKELETON_SKULL,HEAD
SKELETON_SPAWN_EGG,SPAWN_EGG
SKELETON_WALL_SKULL,HEAD
SKULL_BANNER_PATTERN,DECORATION
SKULL_POTTERY_SHERD,DECORATION
SLIME_BALL,UTILITY
SLIME_BLOCK,DECORATIVE_BLOCK
SLIME_SPAWN_EGG,SPAWN_EGG
SMALL_AMETHYST_BUD,DECORATIVE_BLOCK
SMALL_DRIPLEAF,PLANT
SMITHING_TABLE,UTILITY
SMOKER,UTILITY
SMOOTH_BASALT,DECORATIVE_BLOCK
SMOOTH_QUARTZ,DECORATIVE_BLOCK
SMOOTH_QUARTZ_SLAB,DECORATIVE_BLOCK
SMOOTH_QUARTZ_STAIRS,DECORATIVE_BLOCK
SMOOTH_RED_SANDSTONE,DECORATIVE_BLOCK
SMOOTH_RED_SANDSTONE_SLAB,DECORATIVE_BLOCK
SMOOTH_RED_SANDSTONE_STAIRS,DECORATIVE_BLOCK
SMOOTH_SANDSTONE,DECORATIVE_BLOCK
SMOOTH_SANDSTONE_SLAB,DECORATIVE_BLOCK
SMOOTH_SANDSTONE_STAIRS,DECORATIVE_BLOCK
SMOOTH_STONE,DECORATIVE_BLOCK
SMOOTH_STONE_SLAB,DECORATIVE_BLOCK
SNIFFER_EGG,SPAWN_EGG
SNIFFER_SPAWN_EGG,SPAWN_EGG
SNORT_POTTERY_SHERD,DECORATION
SNOUT_ARMOR_TRIM_SMITHING_TEMPLATE,SMITHING
SNOW,DECORATIVE_BLOCK
SNOW_BLOCK,DECORATIVE_BLOCK
SNOW_GOLEM_SPAWN_EGG,SPAWN_EGG
SNOWBALL,UTILITY
SOUL_CAMPFIRE,UTILITY
SOUL_FIRE,NONE
SOUL_LANTERN,DECORATION
SOUL_SAND,DECORATIVE_BLOCK
SOUL_SOIL,DECORATIVE_BLOCK
SOUL_TORCH,TORCH
SOUL_WALL_TORCH,TORCH
SPAWNER,UTILITY
SPECTRAL_ARROW,ARROW
SPIDER_EYE,MOB_DROP
SPIDER_SPAWN_EGG,SPAWN_EGG
SPIRE_ARMOR_TRIM_SMITHING_TEMPLATE,SMITHING
SPLASH_POTION,POTION
SPONGE,UTILITY
SPORE_BLOSSOM,PLANT
SPRUCE_BOAT,WOOD_MATERIAL
SPRUCE_BUTTON,REDSTONE
SPRUCE_CHEST_BOAT,WOOD_MATERIAL
SPRUCE_DOOR,WOOD_MATERIAL
SPRUCE_FENCE,WOOD_MATERIAL
SPRUCE_FENCE_GATE,WOOD_MATERIAL
SPRUCE_HANGING_SIGN,WOOD_MATERIAL
SPRUCE_LEAVES,PLANT
SPRUCE_LOG,RAW_WOOD
SPRUCE_PLANKS,WOOD_MATERIAL
SPRUCE_PRESSURE_PLATE,REDSTONE
SPRUCE_SAPLING,SAPLING
SPRUCE_SIGN,WOOD_MATERIAL
SPRUCE_SLAB,WOOD_MATERIAL
SPRUCE_STAIRS,WOOD_MATERIAL
SPRUCE_TRAPDOOR,WOOD_MATERIAL
SPRUCE_WALL_HANGING_SIGN,WOOD_MATERIAL
SPRUCE_WALL_SIGN,WOOD_MATERIAL
SPRUCE_WOOD,RAW_WOOD
SPYGLASS,UTILITY
SQUID_SPAWN_EGG,SPAWN_EGG
STICK,WOOD_MATERIAL
STICKY_PISTON,REDSTONE
STONE,DECORATIVE_BLOCK
STONE_AXE,TOOL
STONE_BRICK_SLAB,DECORATIVE_BLOCK
STONE_BRICK_STAIRS,DECORATIVE_BLOCK
STONE_BRICK_WALL,DECORATIVE_BLOCK
STONE_BRICKS,DECORATIVE_BLOCK
STONE_BUTTON,REDSTONE
STONE_HOE,TOOL
STONE_PICKAXE,TOOL
STONE_PRESSURE_PLATE,REDSTONE
STONE_SHOVEL,TOOL
STONE_SLAB,DECORATIVE_BLOCK
STONE_STAIRS,DECORATIVE_BLOCK
STONE_SWORD,WEAPON
STONECUTTER,UTILITY
STRAY_SPAWN_EGG,SPAWN_EGG
STRIDER_SPAWN_EGG,SPAWN_EGG
STRING,MOB_DROP
STRIPPED_ACACIA_LOG,RAW_WOOD
STRIPPED_ACACIA_WOOD,RAW_WOOD
STRIPPED_BAMBOO_BLOCK,RAW_WOOD
STRIPPED_BIRCH_LOG,RAW_WOOD
STRIPPED_BIRCH_WOOD,RAW_WOOD
STRIPPED_CHERRY_LOG,RAW_WOOD
STRIPPED_CHERRY_WOOD,RAW_WOOD
STRIPPED_CRIMSON_HYPHAE,RAW_WOOD
STRIPPED_CRIMSON_STEM,RAW_WOOD
STRIPPED_DARK_OAK_LOG,RAW_WOOD
STRIPPED_DARK_OAK_WOOD,RAW_WOOD
STRIPPED_JUNGLE_LOG,RAW_WOOD
STRIPPED_JUNGLE_WOOD,RAW_WOOD
STRIPPED_MANGROVE_LOG,RAW_WOOD
STRIPPED_MANGROVE_WOOD,RAW_WOOD
STRIPPED_OAK_LOG,RAW_WOOD
STRIPPED_OAK_WOOD,RAW_WOOD
STRIPPED_SPRUCE_LOG,RAW_WOOD
STRIPPED_SPRUCE_WOOD,RAW_WOOD
STRIPPED_WARPED_HYPHAE,RAW_WOOD
STRIPPED_WARPED_STEM,RAW_WOOD
STRUCTURE_BLOCK,UTILITY
STRUCTURE_VOID,UTILITY
SUGAR,RAW_FOOD
SUGAR_CANE,PLANT
SUNFLOWER,PLANT
SUSPICIOUS_GRAVEL,DECORATIVE_BLOCK
SUSPICIOUS_SAND,DECORATIVE_BLOCK
SUSPICIOUS_STEW,FOOD
SWEET_BERRIES,FOOD
SWEET_BERRY_BUSH,PLANT
TADPOLE_BUCKET,BUCKET_MOB
TADPOLE_SPAWN_EGG,SPAWN_EGG
TALL_GRASS,PLANT
TALL_SEAGRASS,PLANT
TARGET,REDSTONE
TERRACOTTA,DECORATIVE_BLOCK
TIDE_ARMOR_TRIM_SMITHING_TEMPLATE,SMITHING
TINTED_GLASS,GLASS
TIPPED_ARROW,ARROW
TNT,UTILITY
TNT_MINECART,UTILITY
TORCH,TORCH
TORCHFLOWER,PLANT
TORCHFLOWER_CROP,PLANT
TORCHFLOWER_SEEDS,PLANT
TOTEM_OF_UNDYING,UTILITY
TRADER_LLAMA_SPAWN_EGG,SPAWN_EGG
TRAPPED_CHEST,STORAGE
TRIAL_KEY,UTILITY
TRIAL_SPAWNER,UTILITY
TRIDENT,WEAPON
TRIPWIRE,REDSTONE
TRIPWIRE_HOOK,REDSTONE
TROPICAL_FISH,RAW_FOOD
TROPICAL_FISH_BUCKET,BUCKET_MOB
TROPICAL_FISH_SPAWN_EGG,SPAWN_EGG
TUBE_CORAL,CORAL
TUBE_CORAL_BLOCK,CORAL
TUBE_CORAL_FAN,CORAL
TUBE_CORAL_WALL_FAN,CORAL
TUFF,DECORATIVE_BLOCK
TUFF_BRICK_SLAB,DECORATIVE_BLOCK
TUFF_BRICK_STAIRS,DECORATIVE_BLOCK
TUFF_BRICK_WALL,DECORATIVE_BLOCK
TUFF_BRICKS,DECORATIVE_BLOCK
TUFF_SLAB,DECORATIVE_BLOCK
TUFF_STAIRS,DECORATIVE_BLOCK
TUFF_WALL,DECORATIVE_BLOCK
TURTLE_EGG,SPAWN_EGG
TURTLE_HELMET,ARMOR
TURTLE_SCUTE,ARMOR
TURTLE_SPAWN_EGG,SPAWN_EGG
TWISTING_VINES,PLANT
TWISTING_VINES_PLANT,PLANT
VAULT,UTILITY
VERDANT_FROGLIGHT,DECORATIVE_BLOCK
VEX_ARMOR_TRIM_SMITHING_TEMPLATE,SMITHING
VEX_SPAWN_EGG,SPAWN_EGG
VILLAGER_SPAWN_EGG,SPAWN_EGG
VINDICATOR_SPAWN_EGG,SPAWN_EGG
VINE,PLANT
VOID_AIR,NONE
WALL_TORCH,TORCH
WANDERING_TRADER_SPAWN_EGG,SPAWN_EGG
WARD_ARMOR_TRIM_SMITHING_TEMPLATE,SMITHING
WARDEN_SPAWN_EGG,SPAWN_EGG
WARPED_BUTTON,REDSTONE
WARPED_DOOR,DECORATIVE_BLOCK
WARPED_FENCE,DECORATIVE_BLOCK
WARPED_FENCE_GATE,DECORATIVE_BLOCK
WARPED_FUNGUS,PLANT
WARPED_FUNGUS_ON_A_STICK,DECORATION
WARPED_HANGING_SIGN,DECORATIVE_BLOCK
WARPED_HYPHAE,DECORATIVE_BLOCK
WARPED_NYLIUM,DECORATIVE_BLOCK
WARPED_PLANKS,DECORATIVE_BLOCK
WARPED_PRESSURE_PLATE,REDSTONE
WARPED_ROOTS,PLANT
WARPED_SIGN,DECORATIVE_BLOCK
WARPED_SLAB,DECORATIVE_BLOCK
WARPED_STAIRS,DECORATIVE_BLOCK
WARPED_STEM,DECORATIVE_BLOCK
WARPED_TRAPDOOR,DECORATIVE_BLOCK
WARPED_WALL_HANGING_SIGN,DECORATIVE_BLOCK
WARPED_WALL_SIGN,DECORATIVE_BLOCK
WARPED_WART_BLOCK,DECORATIVE_BLOCK
WATER,NONE
WATER_BUCKET,UTILITY
WATER_CAULDRON,UTILITY
WAXED_CHISELED_COPPER,DECORATIVE_BLOCK
WAXED_COPPER_BLOCK,DECORATIVE_BLOCK
WAXED_COPPER_BULB,DECORATIVE_BLOCK
WAXED_COPPER_DOOR,DECORATIVE_BLOCK
WAXED_COPPER_GRATE,DECORATIVE_BLOCK
WAXED_COPPER_TRAPDOOR,DECORATIVE_BLOCK
WAXED_CUT_COPPER,DECORATIVE_BLOCK
WAXED_CUT_COPPER_SLAB,DECORATIVE_BLOCK
WAXED_CUT_COPPER_STAIRS,DECORATIVE_BLOCK
WAXED_EXPOSED_CHISELED_COPPER,DECORATIVE_BLOCK
WAXED_EXPOSED_COPPER,DECORATIVE_BLOCK
WAXED_EXPOSED_COPPER_BULB,DECORATIVE_BLOCK
WAXED_EXPOSED_COPPER_DOOR,DECORATIVE_BLOCK
WAXED_EXPOSED_COPPER_GRATE,DECORATIVE_BLOCK
WAXED_EXPOSED_COPPER_TRAPDOOR,DECORATIVE_BLOCK
WAXED_EXPOSED_CUT_COPPER,DECORATIVE_BLOCK
WAXED_EXPOSED_CUT_COPPER_SLAB,DECORATIVE_BLOCK
WAXED_EXPOSED_CUT_COPPER_STAIRS,DECORATIVE_BLOCK
WAXED_OXIDIZED_CHISELED_COPPER,DECORATIVE_BLOCK
WAXED_OXIDIZED_COPPER,DECORATIVE_BLOCK
WAXED_OXIDIZED_COPPER_BULB,DECORATIVE_BLOCK
WAXED_OXIDIZED_COPPER_DOOR,DECORATIVE_BLOCK
WAXED_OXIDIZED_COPPER_GRATE,DECORATIVE_BLOCK
WAXED_OXIDIZED_COPPER_TRAPDOOR,DECORATIVE_BLOCK
WAXED_OXIDIZED_CUT_COPPER,DECORATIVE_BLOCK
WAXED_OXIDIZED_CUT_COPPER_SLAB,DECORATIVE_BLOCK
WAXED_OXIDIZED_CUT_COPPER_STAIRS,DECORATIVE_BLOCK
WAXED_WEATHERED_CHISELED_COPPER,DECORATIVE_BLOCK
WAXED_WEATHERED_COPPER,DECORATIVE_BLOCK
WAXED_WEATHERED_COPPER_BULB,DECORATIVE_BLOCK
WAXED_WEATHERED_COPPER_DOOR,DECORATIVE_BLOCK
WAXED_WEATHERED_COPPER_GRATE,DECORATIVE_BLOCK
WAXED_WEATHERED_COPPER_TRAPDOOR,DECORATIVE_BLOCK
WAXED_WEATHERED_CUT_COPPER,DECORATIVE_BLOCK
WAXED_WEATHERED_CUT_COPPER_SLAB,DECORATIVE_BLOCK
WAXED_WEATHERED_CUT_COPPER_STAIRS,DECORATIVE_BLOCK
WAYFINDER_ARMOR_TRIM_SMITHING_TEMPLATE,SMITHING
WEATHERED_CHISELED_COPPER,DECORATIVE_BLOCK
WEATHERED_COPPER,DECORATIVE_BLOCK
WEATHERED_COPPER_BULB,DECORATIVE_BLOCK
WEATHERED_COPPER_DOOR,DECORATIVE_BLOCK
WEATHERED_COPPER_GRATE,DECORATIVE_BLOCK
WEATHERED_COPPER_TRAPDOOR,DECORATIVE_BLOCK
WEATHERED_CUT_COPPER,DECORATIVE_BLOCK
WEATHERED_CUT_COPPER_SLAB,DECORATIVE_BLOCK
WEATHERED_CUT_COPPER_STAIRS,DECORATIVE_BLOCK
WEEPING_VINES,PLANT
WEEPING_VINES_PLANT,PLANT
WET_SPONGE,DECORATIVE_BLOCK
WHEAT,PLANT
WHEAT_SEEDS,PLANT
WHITE_BANNER,DECORATION
WHITE_BED,BED
WHITE_CANDLE,DECORATION
WHITE_CANDLE_CAKE,FOOD
WHITE_CARPET,WOOL
WHITE_CONCRETE,DECORATIVE_BLOCK
WHITE_CONCRETE_POWDER,DECORATION
WHITE_DYE,DYE
WHITE_GLAZED_TERRACOTTA,DECORATIVE_BLOCK
WHITE_SHULKER_BOX,STORAGE
WHITE_STAINED_GLASS,GLASS
WHITE_STAINED_GLASS_PANE,GLASS
WHITE_TERRACOTTA,DECORATIVE_BLOCK
WHITE_TULIP,PLANT
WHITE_WALL_BANNER,DECORATION
WHITE_WOOL,WOOL
WILD_ARMOR_TRIM_SMITHING_TEMPLATE,SMITHING
WIND_CHARGE,WEAPON
WITCH_SPAWN_EGG,SPAWN_EGG
WITHER_ROSE,PLANT
WITHER_SKELETON_SKULL,HEAD
WITHER_SKELETON_SPAWN_EGG,SPAWN_EGG
WITHER_SKELETON_WALL_SKULL,HEAD
WITHER_SPAWN_EGG,SPAWN_EGG
WOLF_ARMOR,ARMOR
WOLF_SPAWN_EGG,SPAWN_EGG
WOODEN_AXE,TOOL
WOODEN_HOE,TOOL
WOODEN_PICKAXE,TOOL
WOODEN_SHOVEL,TOOL
WOODEN_SWORD,WEAPON
WRITABLE_BOOK,BOOK
WRITTEN_BOOK,BOOK
YELLOW_BANNER,DECORATION
YELLOW_BED,BED
YELLOW_CANDLE,DECORATION
YELLOW_CANDLE_CAKE,FOOD
YELLOW_CARPET,WOOL
YELLOW_CONCRETE,DECORATIVE_BLOCK
YELLOW_CONCRETE_POWDER,DECORATION
YELLOW_DYE,DYE
YELLOW_GLAZED_TERRACOTTA,DECORATIVE_BLOCK
YELLOW_SHULKER_BOX,STORAGE
YELLOW_STAINED_GLASS,GLASS
YELLOW_STAINED_GLASS_PANE,GLASS
YELLOW_TERRACOTTA,DECORATIVE_BLOCK
YELLOW_WALL_BANNER,DECORATION
YELLOW_WOOL,WOOL
ZOGLIN_SPAWN_EGG,SPAWN_EGG
ZOMBIE_HEAD,HEAD
ZOMBIE_HORSE_SPAWN_EGG,SPAWN_EGG
ZOMBIE_SPAWN_EGG,SPAWN_EGG
ZOMBIE_VILLAGER_SPAWN_EGG,SPAWN_EGG
ZOMBIE_WALL_HEAD,HEAD
ZOMBIFIED_PIGLIN_SPAWN_EGG,SPAWN_EGG
